userId,subscription,lineId,model,deviceId
1000,Forfait Tablettes et PC Absolu Maitrise,85,APPLE iPad 2,130
1001,Forfait Tablettes et PC Absolu Maitrise,566,NULL,NULL
1003,Forfait Tablettes et PC Absolu Maitrise,338,APPLE iPad 2,103
1003,Forfait Tablettes et PC Absolu Maitrise,409,Pack Ipad AIR Service Plus,403
1004,Forfait Tablettes et PC Absolu Maitrise,755,Pack Ipad AIR Service Plus,466
1005,Forfait Tablettes et PC Absolu Maitrise,847,NULL,NULL
1006,Compteur GC sans mobile,117,NULL,NULL
1007,Compteur GC sans mobile,179,NULL,NULL
1009,Forfait Tablettes et PC Absolu Maitrise,153,APPLE IPHONE 4,73
1009,Forfait Tablettes et PC Absolu Maitrise,892,NULL,NULL
1010,Forfait Tablettes et PC Absolu Maitrise,178,APPLE IPHONE 4,63
1012,NULL,NULL,Pack iPad Service Plus,533
1012,Forfait Tablettes et PC Absolu Maitrise,436,NULL,NULL
1012,Forfait Tablettes et PC Absolu Maitrise,792,NULL,NULL
1012,Forfait Tablettes et PC Absolu Maitrise,835,APPLE iPad 2,128
1013,Forfait Tablettes et PC Absolu Maitrise,361,APPLE iPad 2,134
1014,Forfait Tablettes et PC Absolu Maitrise,347,APPLE iPad 2,50
1015,Compteur GC sans mobile,1058,APPLE IPHONE 4,188
1016,Forfait Tablettes et PC Absolu Maitrise,739,"Pack iPad paramétré (wifi, 4G)",603
1017,Forfait Tablettes et PC Absolu Maitrise,331,APPLE iPad 2,52
1018,Forfait Tablettes et PC Absolu Maitrise,841,NULL,NULL
1019,Forfait Tablettes et PC Absolu Maitrise,156,APPLE iPad 2,98
1020,Forfait Tablettes et PC Absolu Maitrise,885,Ipad AIR non-paramétré,438
1021,Forfait Tablettes et PC Absolu Maitrise,520,Pack Ipad AIR Service Plus,457
1022,Forfait Tablettes et PC Absolu Maitrise,146,APPLE iPad 2,49
1024,Forfait Tablettes et PC Absolu Maitrise,158,APPLE iPad 2,14
1024,Forfait Tablettes et PC Absolu Maitrise,887,Pack Ipad AIR Service Plus,410
1025,Forfait Tablettes et PC Absolu Maitrise,765,Ipad AIR non-paramétré,388
1026,Forfait Tablettes et PC Absolu Maitrise,575,NULL,NULL
1027,Forfait Tablettes et PC Absolu Maitrise,834,APPLE iPad 2,144
1028,Forfait Tablettes et PC Absolu Maitrise,95,APPLE IPHONE 4,69
1031,Compteur GC sans mobile,1025,NULL,NULL
1031,Forfait Tablettes et PC Absolu Maitrise,307,"Pack iPad paramétré (wifi, 4G)",531
1031,Forfait Tablettes et PC Absolu Maitrise,597,"Pack iPad paramétré (wifi, 4G)",351
1031,Forfait Tablettes et PC Absolu Maitrise,673,"Pack iPad paramétré (wifi, 4G)",535
1031,Forfait Tablettes et PC Absolu Maitrise,814,"Pack iPad paramétré (wifi, 4G)",365
1031,Lignes sans Produits Facturés,776,NULL,NULL
1032,Compteur GC sans mobile,465,NOKIA 1600,497
1033,Forfait Tablettes et PC Absolu Maitrise,154,APPLE iPad 2,26
1034,NULL,NULL,"Pack iPad paramétré (wifi, 4G)",572
1035,Forfait Tablettes et PC Absolu Maitrise,800,IPAD 3 Wifi/3G,200
1036,Forfait Tablettes et PC Absolu Maitrise,791,NULL,NULL
1037,Forfait Tablettes et PC Absolu Maitrise,622,"Pack iPad paramétré (wifi, 4G)",518
1038,Forfait Tablettes et PC Absolu Maitrise,866,NULL,NULL
1039,Compteur GC sans mobile,200,Pack Voyages GN1 - Réattribution,313
1041,Forfait Tablettes et PC Absolu Maitrise,345,iPad 2 WI-FI 3G 32 Go,233
1041,Forfait Tablettes et PC Absolu Maitrise,958,"Pack iPad Air paramétré (wifi, 4G) ",245
1042,Forfait Tablettes et PC Absolu Maitrise,957,Pack Ipad AIR Service Plus,463
1044,Forfait Tablettes et PC Absolu Maitrise,272,APPLE iPad 2,3
1044,Forfait Tablettes et PC Absolu Maitrise,376,NULL,NULL
1045,Forfait Tablettes et PC Absolu Maitrise,942,NULL,NULL
1046,Forfait Tablettes et PC Absolu Maitrise,279,APPLE iPad 2,133
1047,NULL,NULL,"Pack iPad paramétré (wifi, 4G)",554
1047,Forfait Tablettes et PC Absolu Maitrise,627,"Pack iPad paramétré (wifi, 4G)",549
1048,Forfait Tablettes et PC Absolu Maitrise,284,Ipad AIR non-paramétré,443
1049,Forfait Tablettes et PC Absolu Maitrise,565,NULL,NULL
1050,Compteur GC sans mobile,1051,Samsung GALAXY Note,288
1051,Forfait Tablettes et PC Absolu Maitrise,704,Ipad AIR non-paramétré,359
1051,Forfait Tablettes et PC Absolu Maitrise,728,Ipad AIR non-paramétré,423
1052,Forfait Tablettes et PC Absolu Maitrise,547,APPLE iPad 2,86
1053,Forfait Tablettes et PC Absolu Maitrise,553,Pack iPad Service Plus,495
1054,Forfait Tablettes et PC Absolu Maitrise,522,"Pack iPad Air paramétré (wifi, 4G) ",454
1055,Lignes sans Produits Facturés,943,"Pack iPad Air paramétré (wifi, 4G) ",428
1056,Forfait Tablettes et PC Absolu Maitrise,476,APPLE IPHONE 4,61
1057,Compteur GC sans mobile,192,APPLE IPHONE 4,171
1058,Forfait Tablettes et PC Absolu Maitrise,172,APPLE iPad 2,121
1059,Forfait Tablettes et PC Absolu Maitrise,173,APPLE iPad 2,127
1060,Forfait Tablettes et PC Absolu Maitrise,813,iPad 2 WI-FI 3G 32 Go,216
1061,Forfait Tablettes et PC Absolu Maitrise,298,"Pack iPad paramétré (wifi, 4G)",545
1062,Forfait Tablettes et PC Absolu Maitrise,394,"Pack iPad Air paramétré (wifi, 4G) ",434
1063,Forfait Tablettes et PC Absolu Maitrise,816,"Pack iPad paramétré (wifi, 4G)",515
1064,Compteur GC sans mobile,133,Samsung GALAXY Note,309
1065,NULL,NULL,"Pack iPad paramétré (wifi, 4G)",539
1066,Forfait Tablettes et PC Absolu Maitrise,88,APPLE iPad 2,18
1068,Compteur GC sans mobile,868,SAMSUNG B2710,505
1068,Forfait Tablettes et PC Absolu Maitrise,349,APPLE iPad 2,95
1069,Forfait Tablettes et PC Absolu Maitrise,516,NULL,NULL
1069,Forfait Tablettes et PC Absolu Maitrise,517,NULL,NULL
1069,Forfait Tablettes et PC Absolu Maitrise,518,NULL,NULL
1069,Forfait Tablettes et PC Absolu Maitrise,519,NULL,NULL
1069,Forfait Tablettes et PC Absolu Maitrise,749,NULL,NULL
1070,Forfait Tablettes et PC Absolu Maitrise,633,NULL,NULL
1071,Forfait Tablettes et PC Absolu Maitrise,741,"Pack iPad paramétré (wifi, 4G)",590
1072,Forfait Tablettes et PC Absolu Maitrise,838,"Pack iPad Air paramétré (wifi, 4G) ",246
1073,Forfait Tablettes et PC Absolu Maitrise,578,APPLE iPad 3 4G,203
1074,NULL,NULL,"Pack iPad paramétré (wifi, 4G)",560
1075,Forfait Tablettes et PC Absolu Maitrise,93,APPLE iPad 2,87
1076,Forfait Tablettes et PC Absolu Maitrise,396,APPLE iPad 2,25
1077,Forfait Tablettes et PC Absolu Maitrise,806,Ipad AIR non-paramétré,390
1078,Compteur GC sans mobile,226,NULL,NULL
1079,Forfait Tablettes et PC Absolu Maitrise,708,Ipad AIR non-paramétré,396
1080,Forfait Tablettes et PC Absolu Maitrise,233,iPad 2 WI-FI 3G 32 Go,211
1081,Forfait Tablettes et PC Absolu Maitrise,769,Ipad AIR non-paramétré,397
1082,Compteur GC sans mobile,6,NULL,NULL
1083,Forfait Tablettes et PC Absolu Maitrise,732,"Pack iPad Air paramétré (wifi, 4G) ",429
1084,Forfait Tablettes et PC Absolu Maitrise,831,APPLE iPad 2,31
1085,Forfait Tablettes et PC Absolu Maitrise,369,iPad 2 WI-FI 3G 32 Go,234
1086,Forfait Tablettes et PC Absolu Maitrise,526,Ipad AIR non-paramétré,381
1087,Compteur GC sans mobile,211,Samsung GALAXY Note,319
1088,Forfait Tablettes et PC Absolu Maitrise,255,NULL,NULL
1088,Forfait Tablettes et PC Absolu Maitrise,586,NULL,NULL
1088,Forfait Tablettes et PC Absolu Maitrise,731,NULL,NULL
1089,Compteur GC sans mobile,483,SAMSUNG GT-i9220 / N7000 Galaxy Note,248
1090,Forfait Tablettes et PC Absolu Maitrise,392,APPLE iPad 2,21
1091,Forfait Tablettes et PC Absolu Maitrise,283,"Pack iPad paramétré (wifi, 4G)",548
1091,Forfait Tablettes et PC Absolu Maitrise,303,"Pack iPad paramétré (wifi, 4G)",550
1091,Forfait Tablettes et PC Absolu Maitrise,304,"Pack iPad paramétré (wifi, 4G)",555
1091,Forfait Tablettes et PC Absolu Maitrise,305,"Pack iPad paramétré (wifi, 4G)",534
1091,Forfait Tablettes et PC Absolu Maitrise,306,"Pack iPad paramétré (wifi, 4G)",541
1091,Forfait Tablettes et PC Absolu Maitrise,410,"Pack iPad paramétré (wifi, 4G)",546
1091,Forfait Tablettes et PC Absolu Maitrise,589,NULL,NULL
1091,Forfait Tablettes et PC Absolu Maitrise,603,NULL,NULL
1091,Forfait Tablettes et PC Absolu Maitrise,604,NULL,NULL
1091,Forfait Tablettes et PC Absolu Maitrise,605,NULL,NULL
1091,Forfait Tablettes et PC Absolu Maitrise,606,NULL,NULL
1091,Forfait Tablettes et PC Absolu Maitrise,774,"Pack iPad paramétré (wifi, 4G)",579
1091,Forfait Tablettes et PC Absolu Maitrise,1018,"Pack iPad paramétré (wifi, 4G)",575
1092,Forfait Tablettes et PC Absolu Maitrise,886,Ipad AIR non-paramétré,440
1093,Forfait Tablettes et PC Absolu Maitrise,162,APPLE iPad 2,85
1094,Forfait Tablettes et PC Absolu Maitrise,269,NULL,NULL
1095,Forfait Tablettes et PC Absolu Maitrise,657,NULL,NULL
1097,Forfait Tablettes et PC Absolu Maitrise,273,APPLE iPad 2,10
1097,Forfait Tablettes et PC Absolu Maitrise,955,Pack iPad Service Plus,544
1098,Forfait Tablettes et PC Absolu Maitrise,775,"Pack iPad paramétré (wifi, 4G)",597
1099,Forfait Tablettes et PC Absolu Maitrise,459,NULL,NULL
1099,Forfait Tablettes et PC Absolu Maitrise,889,Ipad AIR non-paramétré,404
1101,Forfait Tablettes et PC Absolu Maitrise,314,APPLE iPad 2,102
1101,Forfait Tablettes et PC Absolu Maitrise,679,Pack Ipad AIR Service Plus,468
1102,Forfait Tablettes et PC Absolu Maitrise,142,APPLE iPad 2,93
1103,Forfait Tablettes et PC Absolu Maitrise,531,NULL,NULL
1106,Compteur GC sans mobile,851,NULL,NULL
1106,Forfait Tablettes et PC Absolu Maitrise,951,APPLE iPad 2,48
1106,Lignes sans Produits Facturés,429,HTC S730 Wings,339
1107,Forfait Tablettes et PC Absolu Maitrise,378,NULL,NULL
1108,Forfait Tablettes et PC Absolu Maitrise,621,Ipad AIR non-paramétré,444
1109,Forfait Tablettes et PC Absolu Maitrise,150,APPLE IPHONE 4,65
1110,Compteur GC sans mobile,215,NOKIA 1600,336
1111,Forfait Tablettes et PC Absolu Maitrise,944,Pack Ipad AIR Service Plus,432
1112,Forfait Tablettes et PC Absolu Maitrise,402,NULL,NULL
1113,Compteur GC sans mobile,227,MOTOROLA C350,255
1114,Forfait Tablettes et PC Absolu Maitrise,778,NULL,NULL
1115,Forfait Tablettes et PC Absolu Maitrise,218,NULL,NULL
1116,Forfait Tablettes et PC Absolu Maitrise,771,Ipad AIR non-paramétré,445
1117,Forfait Tablettes et PC Absolu Maitrise,329,APPLE iPad 2,91
1118,Forfait Tablettes et PC Absolu Maitrise,779,Ipad AIR non-paramétré,394
1119,Compteur GC sans mobile,1012,APPLE IPHONE 5C 16GO,229
1119,Forfait Tablettes et PC Absolu Maitrise,850,APPLE IPAD 4 32go Blanc  ,510
1120,Forfait Tablettes et PC Absolu Maitrise,1030,Pack iPad Service Plus,565
1121,Forfait Tablettes et PC Absolu Maitrise,714,NULL,NULL
1122,Forfait Tablettes et PC Absolu Maitrise,796,APPLE iPad 3 4G,196
1123,Forfait Tablettes et PC Absolu Maitrise,818,Pack iPad Service Plus,538
1124,Forfait Tablettes et PC Absolu Maitrise,899,"Pack iPad paramétré (wifi, 4G)",563
1126,Forfait Tablettes et PC Absolu Maitrise,330,APPLE iPad 2,7
1126,Forfait Tablettes et PC Absolu Maitrise,706,Pack Ipad AIR Service Plus,492
1127,Forfait Tablettes et PC Absolu Maitrise,855,IPAD 3 Wifi/3G,218
1128,Forfait Tablettes et PC Absolu Maitrise,629,NULL,NULL
1129,Forfait Tablettes et PC Absolu Maitrise,336,APPLE iPad 2,17
1130,Forfait Tablettes et PC Absolu Maitrise,506,Ipad AIR non-paramétré,362
1131,Forfait Tablettes et PC Absolu Maitrise,881,Ipad AIR non-paramétré,407
1132,Forfait Tablettes et PC Absolu Maitrise,236,iPad 2 WI-FI 3G 32 Go,217
1133,Forfait Tablettes et PC Absolu Maitrise,863,NULL,NULL
1134,Forfait Tablettes et PC Absolu Maitrise,250,"Pack iPad Air paramétré (wifi, 4G) ",458
1135,Forfait Tablettes et PC Absolu Maitrise,573,NULL,NULL
1136,Forfait Tablettes et PC Absolu Maitrise,368,APPLE iPad 2,53
1137,Compteur GC sans mobile,1095,NULL,NULL
1138,Forfait Tablettes et PC Absolu Maitrise,953,APPLE iPad 2,35
1140,Forfait Tablettes et PC Absolu Maitrise,504,APPLE IPHONE 4,75
1140,Forfait Tablettes et PC Absolu Maitrise,1090,NULL,NULL
1141,Forfait Tablettes et PC Absolu Maitrise,856,IPAD 3 Wifi/3G,215
1143,NULL,NULL,"Pack iPad paramétré (wifi, 4G)",571
1143,Compteur GC sans mobile,772,NULL,NULL
1144,Forfait Tablettes et PC Absolu Maitrise,335,APPLE iPad 2,11
1145,Compteur GC sans mobile,127,NULL,NULL
1146,Forfait Tablettes et PC Absolu Maitrise,131,APPLE iPad 2,147
1153,Compteur GC sans mobile,98,NULL,NULL
1153,Compteur GC sans mobile,405,SAMSUNG B2710,328
1153,Compteur GC sans mobile,444,NULL,NULL
1153,Compteur GC sans mobile,451,NULL,NULL
1153,Compteur GC sans mobile,452,NULL,NULL
1153,Compteur GC sans mobile,584,NULL,NULL
1153,Compteur GC sans mobile,607,NULL,NULL
1153,Compteur GC sans mobile,608,NULL,NULL
1153,Compteur GC sans mobile,609,NULL,NULL
1153,Compteur GC sans mobile,610,NULL,NULL
1153,Compteur GC sans mobile,611,NULL,NULL
1153,Compteur GC sans mobile,612,NULL,NULL
1153,Compteur GC sans mobile,613,NULL,NULL
1153,Compteur GC sans mobile,614,NULL,NULL
1153,Compteur GC sans mobile,615,NULL,NULL
1153,Compteur GC sans mobile,616,NULL,NULL
1153,Compteur GC sans mobile,617,NULL,NULL
1153,Compteur GC sans mobile,618,NULL,NULL
1153,Compteur GC sans mobile,663,NULL,NULL
1153,Compteur GC sans mobile,686,NULL,NULL
1153,Compteur GC sans mobile,780,NULL,NULL
1153,Compteur GC sans mobile,781,NULL,NULL
1153,Compteur GC sans mobile,782,NULL,NULL
1153,Compteur GC sans mobile,783,NULL,NULL
1153,Compteur GC sans mobile,784,NULL,NULL
1153,Compteur GC sans mobile,785,NULL,NULL
1153,Compteur GC sans mobile,786,NULL,NULL
1153,Compteur GC sans mobile,787,NULL,NULL
1153,Compteur GC sans mobile,788,NULL,NULL
1153,Compteur GC sans mobile,789,NULL,NULL
1153,Compteur GC sans mobile,826,NULL,NULL
1153,Compteur GC sans mobile,858,NULL,NULL
1153,Compteur GC sans mobile,860,NULL,NULL
1153,Compteur GC sans mobile,880,NULL,NULL
1153,Compteur GC sans mobile,898,NULL,NULL
1153,Compteur GC sans mobile,900,NULL,NULL
1153,Compteur GC sans mobile,901,NULL,NULL
1153,Compteur GC sans mobile,902,NULL,NULL
1153,Compteur GC sans mobile,903,NULL,NULL
1153,Compteur GC sans mobile,904,NULL,NULL
1153,Compteur GC sans mobile,905,NULL,NULL
1153,Compteur GC sans mobile,906,NULL,NULL
1153,Compteur GC sans mobile,907,NULL,NULL
1153,Compteur GC sans mobile,908,NULL,NULL
1153,Compteur GC sans mobile,909,NULL,NULL
1153,Compteur GC sans mobile,910,NULL,NULL
1153,Compteur GC sans mobile,911,NULL,NULL
1153,Compteur GC sans mobile,912,NULL,NULL
1153,Compteur GC sans mobile,913,NULL,NULL
1153,Compteur GC sans mobile,914,NULL,NULL
1153,Compteur GC sans mobile,915,NULL,NULL
1153,Compteur GC sans mobile,916,NULL,NULL
1153,Compteur GC sans mobile,917,NULL,NULL
1153,Compteur GC sans mobile,933,SAMSUNG B2710,499
1153,Compteur GC sans mobile,934,SAMSUNG B2710,500
1153,Compteur GC sans mobile,935,SAMSUNG B2710,498
1153,Compteur GC sans mobile,962,NULL,NULL
1153,Compteur GC sans mobile,963,NULL,NULL
1153,Compteur GC sans mobile,964,NULL,NULL
1153,Compteur GC sans mobile,965,NULL,NULL
1153,Compteur GC sans mobile,966,NULL,NULL
1153,Compteur GC sans mobile,967,NULL,NULL
1153,Compteur GC sans mobile,968,NULL,NULL
1153,Compteur GC sans mobile,969,NULL,NULL
1153,Compteur GC sans mobile,970,NULL,NULL
1153,Compteur GC sans mobile,971,NULL,NULL
1153,Compteur GC sans mobile,972,NULL,NULL
1153,Compteur GC sans mobile,973,NULL,NULL
1153,Compteur GC sans mobile,974,NULL,NULL
1153,Compteur GC sans mobile,975,NULL,NULL
1153,Compteur GC sans mobile,976,NULL,NULL
1153,Compteur GC sans mobile,977,NULL,NULL
1153,Compteur GC sans mobile,978,NULL,NULL
1153,Compteur GC sans mobile,979,NULL,NULL
1153,Compteur GC sans mobile,980,NULL,NULL
1153,Compteur GC sans mobile,981,NULL,NULL
1153,Compteur GC sans mobile,982,NULL,NULL
1153,Compteur GC sans mobile,983,NULL,NULL
1153,Compteur GC sans mobile,984,NULL,NULL
1153,Compteur GC sans mobile,985,NULL,NULL
1153,Compteur GC sans mobile,986,NULL,NULL
1153,Compteur GC sans mobile,987,NULL,NULL
1153,Compteur GC sans mobile,988,NULL,NULL
1153,Compteur GC sans mobile,989,NULL,NULL
1153,Compteur GC sans mobile,990,NULL,NULL
1153,Compteur GC sans mobile,991,NULL,NULL
1153,Compteur GC sans mobile,992,NULL,NULL
1153,Compteur GC sans mobile,993,NULL,NULL
1153,Compteur GC sans mobile,994,NULL,NULL
1153,Compteur GC sans mobile,995,NULL,NULL
1153,Compteur GC sans mobile,996,NULL,NULL
1153,Compteur GC sans mobile,997,NULL,NULL
1153,Compteur GC sans mobile,998,NULL,NULL
1153,Compteur GC sans mobile,999,NULL,NULL
1153,Compteur GC sans mobile,1000,NULL,NULL
1153,Compteur GC sans mobile,1001,NULL,NULL
1153,Compteur GC sans mobile,1002,NULL,NULL
1153,Compteur GC sans mobile,1003,NULL,NULL
1153,Compteur GC sans mobile,1004,NULL,NULL
1153,Compteur GC sans mobile,1005,NULL,NULL
1153,Compteur GC sans mobile,1006,NULL,NULL
1153,Compteur GC sans mobile,1007,NULL,NULL
1153,Compteur GC sans mobile,1008,NULL,NULL
1153,Compteur GC sans mobile,1009,NULL,NULL
1153,Compteur GC sans mobile,1010,NULL,NULL
1153,Compteur GC sans mobile,1011,NULL,NULL
1153,Compteur GC sans mobile,1031,NULL,NULL
1153,Compteur GC sans mobile,1032,NULL,NULL
1153,Compteur GC sans mobile,1033,NULL,NULL
1153,Compteur GC sans mobile,1034,NULL,NULL
1153,Compteur GC sans mobile,1035,NULL,NULL
1153,Compteur GC sans mobile,1037,NULL,NULL
1153,Compteur GC sans mobile,1038,NULL,NULL
1153,Compteur GC sans mobile,1091,NULL,NULL
1153,Forfait Tablettes et PC Absolu Maitrise,636,NULL,NULL
1153,Forfait Tablettes et PC Absolu Maitrise,637,NULL,NULL
1153,Forfait Tablettes et PC Absolu Maitrise,638,NULL,NULL
1153,Forfait Tablettes et PC Absolu Maitrise,639,NULL,NULL
1153,Forfait Tablettes et PC Absolu Maitrise,640,NULL,NULL
1153,Forfait Tablettes et PC Absolu Maitrise,641,NULL,NULL
1153,Forfait Tablettes et PC Absolu Maitrise,642,NULL,NULL
1153,Forfait Tablettes et PC Absolu Maitrise,643,NULL,NULL
1153,Forfait Tablettes et PC Absolu Maitrise,644,NULL,NULL
1153,Forfait Tablettes et PC Absolu Maitrise,645,NULL,NULL
1153,Forfait Tablettes et PC Absolu Maitrise,646,NULL,NULL
1153,Forfait Tablettes et PC Absolu Maitrise,647,NULL,NULL
1153,Forfait Tablettes et PC Absolu Maitrise,648,NULL,NULL
1153,Forfait Tablettes et PC Absolu Maitrise,649,NULL,NULL
1153,Forfait Tablettes et PC Absolu Maitrise,650,NULL,NULL
1153,Forfait Tablettes et PC Absolu Maitrise,651,NULL,NULL
1153,Forfait Tablettes et PC Absolu Maitrise,652,NULL,NULL
1153,Forfait Tablettes et PC Absolu Maitrise,653,NULL,NULL
1153,Forfait Tablettes et PC Absolu Maitrise,654,NULL,NULL
1153,Forfait Tablettes et PC Absolu Maitrise,655,NULL,NULL
1153,Forfait Tablettes et PC Absolu Maitrise,1036,NULL,NULL
1154,Forfait Tablettes et PC Absolu Maitrise,849,Pack Ipad AIR Service Plus,488
1155,Forfait Tablettes et PC Absolu Maitrise,132,iPad 2 WI-FI 3G 32 Go,78
1156,Forfait Tablettes et PC Absolu Maitrise,664,Ipad AIR non-paramétré,349
1157,Forfait Tablettes et PC Absolu Maitrise,804,Ipad AIR non-paramétré,392
1158,Forfait Tablettes et PC Absolu Maitrise,229,Ipad AIR non-paramétré,363
1159,Forfait Tablettes et PC Absolu Maitrise,918,Ipad AIR non-paramétré,350
1160,Forfait Tablettes et PC Absolu Maitrise,668,NULL,NULL
1161,Forfait Tablettes et PC Absolu Maitrise,466,NULL,NULL
1162,Forfait Tablettes et PC Absolu Maitrise,537,Ipad AIR non-paramétré,375
1162,Forfait Tablettes et PC Absolu Maitrise,752,NULL,NULL
1163,Forfait Tablettes et PC Absolu Maitrise,879,NULL,NULL
1164,Forfait Tablettes et PC Absolu Maitrise,808,NULL,NULL
1165,Forfait Tablettes et PC Absolu Maitrise,139,Pack Ipad AIR Service Plus,400
1166,Forfait Tablettes et PC Absolu Maitrise,839,NULL,NULL
1167,Forfait Tablettes et PC Absolu Maitrise,107,Ipad AIR non-paramétré,393
1168,Forfait Tablettes et PC Absolu Maitrise,680,NULL,NULL
1169,Forfait Tablettes et PC Absolu Maitrise,938,Pack Ipad AIR Service Plus,494
1170,Forfait Tablettes et PC Absolu Maitrise,449,Pack Ipad AIR Service Plus,452
1171,Forfait Tablettes et PC Absolu Maitrise,247,NULL,NULL
1172,Forfait Tablettes et PC Absolu Maitrise,947,NULL,NULL
1174,Forfait Tablettes et PC Absolu Maitrise,289,NULL,NULL
1174,Forfait Tablettes et PC Absolu Maitrise,325,APPLE iPad 2,28
1175,Compteur GC sans mobile,203,Samsung GALAXY Note,283
1176,Forfait Tablettes et PC Absolu Maitrise,446,NULL,NULL
1177,Forfait Tablettes et PC Absolu Maitrise,471,NULL,NULL
1178,Forfait Tablettes et PC Absolu Maitrise,843,NULL,NULL
1179,Forfait Tablettes et PC Absolu Maitrise,952,APPLE iPad 2,89
1180,Forfait Tablettes et PC Absolu Maitrise,12,Pack iPad Service Plus,580
1181,Forfait Tablettes et PC Absolu Maitrise,230,Pack Ipad AIR Service Plus,425
1182,Forfait Tablettes et PC Absolu Maitrise,332,APPLE iPad 2,140
1184,Forfait Tablettes et PC Absolu Maitrise,372,APPLE iPad 2,149
1184,Forfait Tablettes et PC Absolu Maitrise,403,Pack Ipad AIR Service Plus,401
1185,Forfait Tablettes et PC Absolu Maitrise,548,APPLE iPad 2,46
1186,Forfait Tablettes et PC Absolu Maitrise,149,APPLE IPHONE 4,80
1187,Forfait Tablettes et PC Absolu Maitrise,623,"Pack iPad paramétré (wifi, 4G)",528
1189,Forfait Tablettes et PC Absolu Maitrise,320,APPLE iPad 2,116
1189,Forfait Tablettes et PC Absolu Maitrise,523,Pack Ipad AIR Service Plus,456
1190,Forfait Tablettes et PC Absolu Maitrise,861,NULL,NULL
1191,Compteur GC sans mobile,109,NULL,NULL
1192,Forfait Tablettes et PC Absolu Maitrise,536,NULL,NULL
1193,Forfait Tablettes et PC Absolu Maitrise,745,"Pack iPad paramétré (wifi, 4G)",527
1194,Forfait Tablettes et PC Absolu Maitrise,701,Ipad WI-FI 4G 32 Go Noir,509
1195,NULL,NULL,"Pack iPad paramétré (wifi, 4G)",588
1196,Compteur GC sans mobile,949,APPLE IPHONE 4,163
1197,Forfait Tablettes et PC Absolu Maitrise,366,APPLE iPad 2,54
1199,Forfait Tablettes et PC Absolu Maitrise,510,NULL,NULL
1199,Forfait Tablettes et PC Absolu Maitrise,530,NULL,NULL
1200,Forfait Tablettes et PC Absolu Maitrise,897,iPad 2 WI-FI 3G 32 Go,213
1201,Forfait Tablettes et PC Absolu Maitrise,539,Pack Ipad AIR Service Plus,476
1202,Forfait Tablettes et PC Absolu Maitrise,552,APPLE iPad 2,115
1203,Forfait Tablettes et PC Absolu Maitrise,348,APPLE iPad 2,33
1204,Forfait Tablettes et PC Absolu Maitrise,870,"Pack iPad paramétré (wifi, 4G)",567
1205,Forfait Tablettes et PC Absolu Maitrise,160,APPLE iPad 2,8
1206,Forfait Tablettes et PC Absolu Maitrise,400,NULL,NULL
1207,Forfait Tablettes et PC Absolu Maitrise,450,NULL,NULL
1207,Forfait Tablettes et PC Absolu Maitrise,484,NULL,NULL
1208,Compteur GC sans mobile,136,APPLE IPHONE 4,224
1209,Forfait Tablettes et PC Absolu Maitrise,148,APPLE iPad 2,45
1213,Compteur GC sans mobile,1014,NULL,NULL
1213,Forfait Tablettes et PC Absolu Maitrise,159,APPLE IPHONE 4,60
1213,Forfait Tablettes et PC Absolu Maitrise,312,Pack iPad Service Plus,553
1213,Forfait Tablettes et PC Absolu Maitrise,721,NULL,NULL
1214,Compteur GC sans mobile,180,NULL,NULL
1215,Forfait Tablettes et PC Absolu Maitrise,690,NULL,NULL
1216,Forfait Tablettes et PC Absolu Maitrise,591,NULL,NULL
1216,Forfait Tablettes et PC Absolu Maitrise,875,Ipad AIR non-paramétré,414
1217,Forfait Tablettes et PC Absolu Maitrise,691,APPLE iPad 3 4G,202
1218,Forfait Tablettes et PC Absolu Maitrise,568,NULL,NULL
1218,Forfait Tablettes et PC Absolu Maitrise,1027,NULL,NULL
1219,Forfait Tablettes et PC Absolu Maitrise,751,"Pack iPad paramétré (wifi, 4G)",514
1220,Forfait Tablettes et PC Absolu Maitrise,383,NULL,NULL
1222,Forfait Tablettes et PC Absolu Maitrise,479,APPLE iPad 2,105
1222,Forfait Tablettes et PC Absolu Maitrise,746,Pack Ipad AIR Service Plus,383
1223,Forfait Tablettes et PC Absolu Maitrise,309,APPLE iPad 2,106
1223,Forfait Tablettes et PC Absolu Maitrise,811,NULL,NULL
1224,Compteur GC sans mobile,181,NULL,NULL
1225,Compteur GC sans mobile,8,SAMSUNG B2710,329
1226,Forfait Tablettes et PC Absolu Maitrise,921,Pack iPad Service Plus,581
1227,Forfait Tablettes et PC Absolu Maitrise,461,Pack Ipad AIR Service Plus,478
1228,Forfait Tablettes et PC Absolu Maitrise,630,NULL,NULL
1229,Forfait Tablettes et PC Absolu Maitrise,193,APPLE IPHONE 4,82
1230,Forfait Tablettes et PC Absolu Maitrise,734,Pack iPad Service Plus,585
1231,Compteur GC sans mobile,219,Pack Voyages GN1 - Création de ligne,292
1232,Forfait Tablettes et PC Absolu Maitrise,478,NULL,NULL
1233,Forfait Tablettes et PC Absolu Maitrise,151,APPLE IPHONE 4,62
1234,Forfait Tablettes et PC Absolu Maitrise,275,APPLE iPad 2,113
1235,Compteur GC sans mobile,129,APPLE IPHONE 4,169
1236,Forfait Tablettes et PC Absolu Maitrise,308,APPLE iPad 2,6
1237,Forfait Tablettes et PC Absolu Maitrise,945,"Pack iPad Air paramétré (wifi, 4G) ",496
1238,Forfait Tablettes et PC Absolu Maitrise,570,NULL,NULL
1239,Compteur GC sans mobile,634,NULL,NULL
1240,Forfait Tablettes et PC Absolu Maitrise,931,Pack Ipad AIR Service Plus,358
1241,Forfait Tablettes et PC Absolu Maitrise,700,Ipad AIR non-paramétré,413
1242,Forfait Tablettes et PC Absolu Maitrise,249,Pack iPad Service Plus,461
1243,Compteur GC sans mobile,588,ALCATEL One Touch S210,254
1244,Forfait Tablettes et PC Absolu Maitrise,422,NULL,NULL
1245,Forfait Tablettes et PC Absolu Maitrise,842,Ipad AIR non-paramétré,378
1246,Forfait Tablettes et PC Absolu Maitrise,130,APPLE iPad 2,122
1247,Forfait Tablettes et PC Absolu Maitrise,799,APPLE iPad 3 4G,197
1248,Forfait Tablettes et PC Absolu Maitrise,344,APPLE iPad 2,29
1249,Forfait Tablettes et PC Absolu Maitrise,447,Pack Ipad AIR Service Plus,450
1250,Forfait Tablettes et PC Absolu Maitrise,896,iPad 2 WI-FI 3G 32 Go,221
1251,Compteur GC sans mobile,45,APPLE IPHONE 4,160
1252,Forfait Tablettes et PC Absolu Maitrise,845,NULL,NULL
1253,Compteur GC sans mobile,189,NULL,NULL
1254,Forfait Tablettes et PC Absolu Maitrise,96,APPLE IPHONE 4,59
1255,Forfait Tablettes et PC Absolu Maitrise,512,Pack Ipad AIR Service Plus,420
1256,Compteur GC sans mobile,51,SAMSUNG SGH-B2700,342
1257,Forfait Tablettes et PC Absolu Maitrise,715,NULL,NULL
1258,Forfait Tablettes et PC Absolu Maitrise,353,NULL,NULL
1258,Forfait Tablettes et PC Absolu Maitrise,1024,NULL,NULL
1259,Compteur GC sans mobile,632,NULL,NULL
1260,Forfait Tablettes et PC Absolu Maitrise,424,Ipad AIR non-paramétré,406
1261,Forfait Tablettes et PC Absolu Maitrise,137,Pack Ipad AIR Service Plus,239
1262,Compteur GC sans mobile,120,Samsung GALAXY Note,314
1264,Forfait Tablettes et PC Absolu Maitrise,358,APPLE IPHONE 4,72
1264,Forfait Tablettes et PC Absolu Maitrise,661,Pack iPad Service Plus,526
1265,Compteur GC sans mobile,5,NULL,NULL
1266,Forfait Tablettes et PC Absolu Maitrise,90,APPLE iPad 2,139
1268,NULL,NULL,Pack iPad Service Plus,529
1268,Forfait Tablettes et PC Absolu Maitrise,326,APPLE IPHONE 4,67
1270,Compteur GC sans mobile,182,NULL,NULL
1270,Forfait Tablettes et PC Absolu Maitrise,1019,APPLE iPad 2,124
1271,Forfait Tablettes et PC Absolu Maitrise,141,APPLE iPad 2,138
1272,Forfait Tablettes et PC Absolu Maitrise,342,APPLE iPad 2,120
1273,Forfait Tablettes et PC Absolu Maitrise,175,APPLE IPHONE 4,74
1274,Compteur GC sans mobile,213,APPLE IPHONE 4,182
1275,Forfait Tablettes et PC Absolu Maitrise,754,"Pack iPad paramétré (wifi, 4G)",593
1276,Forfait Tablettes et PC Absolu Maitrise,571,NULL,NULL
1277,Forfait Tablettes et PC Absolu Maitrise,558,Pack Ipad AIR Service Plus,439
1278,Forfait Tablettes et PC Absolu Maitrise,420,NULL,NULL
1279,Forfait Tablettes et PC Absolu Maitrise,86,APPLE iPad 2,126
1280,Forfait Tablettes et PC Absolu Maitrise,99,Pack Ipad AIR Service Plus,368
1281,Compteur GC sans mobile,31,APPLE IPHONE 4,187
1282,Forfait Tablettes et PC Absolu Maitrise,533,"Pack Ipad non-paramétré (WiFi, 4G)",513
1283,Forfait Tablettes et PC Absolu Maitrise,848,Ipad AIR non-paramétré,384
1284,Compteur GC sans mobile,707,NULL,NULL
1284,Forfait Tablettes et PC Absolu Maitrise,428,NULL,NULL
1285,Forfait Tablettes et PC Absolu Maitrise,375,NULL,NULL
1286,Forfait Tablettes et PC Absolu Maitrise,871,NULL,NULL
1287,Forfait Tablettes et PC Absolu Maitrise,829,Pack Ipad AIR Service Plus,433
1288,Forfait Tablettes et PC Absolu Maitrise,882,Pack Ipad AIR Service Plus,446
1289,Forfait Tablettes et PC Absolu Maitrise,171,APPLE iPad 2,30
1290,Compteur GC sans mobile,1066,Samsung GALAXY Note,301
1291,Forfait Tablettes et PC Absolu Maitrise,925,NULL,NULL
1292,Forfait Tablettes et PC Absolu Maitrise,232,iPad 2 WI-FI 3G 32 Go,222
1293,Forfait Tablettes et PC Absolu Maitrise,177,APPLE iPad 2,13
1294,Compteur GC sans mobile,464,SAMSUNG SGH-B2700,343
1295,Forfait Tablettes et PC Absolu Maitrise,380,NULL,NULL
1296,Forfait Tablettes et PC Absolu Maitrise,846,iPad 2 WI-FI 3G 32 Go,212
1297,Forfait Tablettes et PC Absolu Maitrise,738,"Pack iPad paramétré (wifi, 4G)",520
1298,Forfait Tablettes et PC Absolu Maitrise,712,NULL,NULL
1298,Forfait Tablettes et PC Absolu Maitrise,1020,NULL,NULL
1298,Forfait Tablettes et PC Absolu Maitrise,1021,NULL,NULL
1298,Forfait Tablettes et PC Absolu Maitrise,1022,NULL,NULL
1299,Forfait Tablettes et PC Absolu Maitrise,544,Ipad AIR non-paramétré,489
1300,Forfait Tablettes et PC Absolu Maitrise,551,APPLE iPad 2,125
1301,Forfait Tablettes et PC Absolu Maitrise,515,Pack Ipad AIR Service Plus,451
1303,Compteur GC sans mobile,770,NULL,NULL
1303,Forfait Tablettes et PC Absolu Maitrise,310,APPLE iPad 2,145
1304,Forfait Tablettes et PC Absolu Maitrise,805,"Pack iPad paramétré (wifi, 4G)",367
1305,Forfait Tablettes et PC Absolu Maitrise,126,Pack Ipad AIR Service Plus,408
1306,Forfait Tablettes et PC Absolu Maitrise,692,APPLE iPad 3 4G,204
1307,Compteur GC sans mobile,39,SAMSUNG B2710,332
1308,Compteur GC sans mobile,803,SAMSUNG B2710,501
1309,Forfait Tablettes et PC Absolu Maitrise,270,NULL,NULL
1310,NULL,NULL,Pack iPad Service Plus,577
1310,Forfait Tablettes et PC Absolu Maitrise,381,NULL,NULL
1312,Forfait Tablettes et PC Absolu Maitrise,482,APPLE iPad 2,132
1312,Forfait Tablettes et PC Absolu Maitrise,660,Pack iPad Service Plus,525
1313,Forfait Tablettes et PC Absolu Maitrise,101,APPLE iPad 2,148
1314,Forfait Tablettes et PC Absolu Maitrise,245,"Pack iPad Air paramétré (wifi, 4G) ",447
1314,Forfait Tablettes et PC Absolu Maitrise,437,NULL,NULL
1315,Forfait Tablettes et PC Absolu Maitrise,313,APPLE iPad 2,40
1316,Forfait Tablettes et PC Absolu Maitrise,168,APPLE iPad 2,42
1316,Forfait Tablettes et PC Absolu Maitrise,1017,APPLE iPad 3 4G,201
1317,Forfait Tablettes et PC Absolu Maitrise,549,APPLE iPad 2,55
1318,Forfait Tablettes et PC Absolu Maitrise,825,NULL,NULL
1319,Forfait Tablettes et PC Absolu Maitrise,475,APPLE iPad 2,123
1320,Forfait Tablettes et PC Absolu Maitrise,456,NULL,NULL
1321,Forfait Tablettes et PC Absolu Maitrise,872,NULL,NULL
1322,Forfait Tablettes et PC Absolu Maitrise,735,Pack iPad Service Plus,604
1323,Compteur GC sans mobile,292,APPLE IPHONE 4,156
1324,Forfait Tablettes et PC Absolu Maitrise,356,NULL,NULL
1325,Forfait Tablettes et PC Absolu Maitrise,328,APPLE iPad 2,19
1328,Forfait Tablettes et PC Absolu Maitrise,100,APPLE iPad 2,114
1328,Forfait Tablettes et PC Absolu Maitrise,625,Ipad AIR non-paramétré,442
1329,Forfait Tablettes et PC Absolu Maitrise,669,NULL,NULL
1330,Forfait Tablettes et PC Absolu Maitrise,961,NULL,NULL
1331,Forfait Tablettes et PC Absolu Maitrise,667,NULL,NULL
1331,Forfait Tablettes et PC Absolu Maitrise,1015,IPAD 3 Wifi/3G,198
1332,Forfait Tablettes et PC Absolu Maitrise,503,NULL,NULL
1333,Forfait Tablettes et PC Absolu Maitrise,878,NULL,NULL
1334,Forfait Tablettes et PC Absolu Maitrise,919,NULL,NULL
1335,Compteur GC sans mobile,1083,SAMSUNG  Galaxy S IV,249
1336,Forfait Tablettes et PC Absolu Maitrise,859,NULL,NULL
1337,Forfait Tablettes et PC Absolu Maitrise,524,NULL,NULL
1338,Forfait Tablettes et PC Absolu Maitrise,854,Pack Ipad AIR Service Plus,491
1339,Forfait Tablettes et PC Absolu Maitrise,946,NULL,NULL
1340,Forfait Tablettes et PC Absolu Maitrise,554,NULL,NULL
1341,Forfait Tablettes et PC Absolu Maitrise,876,NULL,NULL
1342,Forfait Tablettes et PC Absolu Maitrise,473,APPLE iPad 2,109
1343,Forfait Tablettes et PC Absolu Maitrise,339,APPLE iPad 2,143
1344,Forfait Tablettes et PC Absolu Maitrise,577,NULL,NULL
1345,Forfait Tablettes et PC Absolu Maitrise,922,Pack iPad Service Plus,602
1346,Forfait Tablettes et PC Absolu Maitrise,276,APPLE iPad 2,136
1347,Compteur GC sans mobile,61,SAMSUNG B2710,323
1348,Forfait Tablettes et PC Absolu Maitrise,242,NULL,NULL
1349,Forfait Tablettes et PC Absolu Maitrise,927,Ipad AIR non-paramétré,426
1350,Compteur GC sans mobile,222,Pack Voyages GN1 - Création de ligne,282
1351,Forfait Tablettes et PC Absolu Maitrise,521,Pack Ipad AIR Service Plus,431
1352,Forfait Tablettes et PC Absolu Maitrise,532,NULL,NULL
1353,Compteur GC sans mobile,750,NULL,NULL
1354,Forfait Tablettes et PC Absolu Maitrise,480,APPLE IPHONE 4,77
1355,Compteur GC sans mobile,726,NULL,NULL
1356,Forfait Tablettes et PC Absolu Maitrise,317,APPLE iPad 2,152
1357,Forfait Tablettes et PC Absolu Maitrise,460,NULL,NULL
1358,Forfait Tablettes et PC Absolu Maitrise,341,APPLE iPad 2,23
1359,Forfait Tablettes et PC Absolu Maitrise,300,Pack iPad Service Plus,532
1360,Compteur GC sans mobile,206,Samsung GALAXY Note,286
1361,Forfait Tablettes et PC Absolu Maitrise,194,APPLE iPad 2,84
1363,Compteur GC sans mobile,186,NULL,NULL
1363,Forfait Tablettes et PC Absolu Maitrise,140,APPLE iPad 2,110
1364,Forfait Tablettes et PC Absolu Maitrise,145,APPLE iPad 2,37
1365,Forfait Tablettes et PC Absolu Maitrise,108,Pack Ipad AIR Service Plus,435
1366,Compteur GC sans mobile,128,APPLE IPHONE 4,205
1367,Forfait Tablettes et PC Absolu Maitrise,678,Ipad AIR non-paramétré,462
1368,Forfait Tablettes et PC Absolu Maitrise,747,NULL,NULL
1369,Forfait Tablettes et PC Absolu Maitrise,840,NULL,NULL
1370,Forfait Tablettes et PC Absolu Maitrise,743,"Pack iPad paramétré (wifi, 4G)",523
1370,Forfait Tablettes et PC Absolu Maitrise,768,"Pack iPad paramétré (wifi, 4G)",594
1371,Forfait Tablettes et PC Absolu Maitrise,462,Pack Ipad AIR Service Plus,402
1372,Compteur GC sans mobile,261,SAMSUNG B2710,253
1373,Compteur GC sans mobile,60,NULL,NULL
1374,Forfait Tablettes et PC Absolu Maitrise,619,Pack Ipad AIR Service Plus,243
1375,Forfait Tablettes et PC Absolu Maitrise,628,NULL,NULL
1376,Forfait Tablettes et PC Absolu Maitrise,337,APPLE iPad 2,137
1377,Forfait Tablettes et PC Absolu Maitrise,837,NULL,NULL
1378,Forfait Tablettes et PC Absolu Maitrise,393,APPLE iPad 2,104
1379,Forfait Tablettes et PC Absolu Maitrise,713,NULL,NULL
1380,Forfait Tablettes et PC Absolu Maitrise,481,APPLE iPad 2,108
1381,Forfait Tablettes et PC Absolu Maitrise,820,"Pack iPad paramétré (wifi, 4G)",516
1382,Compteur GC sans mobile,204,Samsung GALAXY Note,287
1383,Compteur GC sans mobile,77,NULL,NULL
1384,Forfait Tablettes et PC Absolu Maitrise,729,"Pack iPad paramétré (wifi, 4G)",547
1386,Forfait Tablettes et PC Absolu Maitrise,327,APPLE iPad 2,154
1386,Forfait Tablettes et PC Absolu Maitrise,823,Pack Ipad AIR Service Plus,395
1388,Compteur GC sans mobile,191,NULL,NULL
1388,Forfait Tablettes et PC Absolu Maitrise,718,NULL,NULL
1389,Forfait Tablettes et PC Absolu Maitrise,891,Ipad AIR non-paramétré,412
1390,Lignes sans Produits Facturés,398,NULL,NULL
1391,Forfait Tablettes et PC Absolu Maitrise,251,Ipad AIR non-paramétré,421
1392,Forfait Tablettes et PC Absolu Maitrise,593,NULL,NULL
1394,Forfait Tablettes et PC Absolu Maitrise,155,APPLE iPad 2,117
1394,Forfait Tablettes et PC Absolu Maitrise,929,Pack Ipad AIR Service Plus,469
1395,Forfait Tablettes et PC Absolu Maitrise,390,NULL,NULL
1396,Compteur GC sans mobile,30,NULL,NULL
1397,Forfait Tablettes et PC Absolu Maitrise,433,NULL,NULL
1398,Forfait Tablettes et PC Absolu Maitrise,105,Pack iPad Service Plus,561
1399,Forfait Tablettes et PC Absolu Maitrise,543,Ipad AIR non-paramétré,479
1400,Forfait Tablettes et PC Absolu Maitrise,397,Pack Ipad AIR Service Plus,430
1401,Forfait Tablettes et PC Absolu Maitrise,684,NULL,NULL
1402,Forfait Tablettes et PC Absolu Maitrise,97,APPLE iPad 2,88
1403,Compteur GC sans mobile,688,Samsung GALAXY Note,290
1404,Compteur GC sans mobile,1094,NULL,NULL
1405,Forfait Tablettes et PC Absolu Maitrise,756,Ipad AIR non-paramétré,465
1406,Forfait Tablettes et PC Absolu Maitrise,288,NULL,NULL
1407,Forfait Tablettes et PC Absolu Maitrise,299,"Pack iPad paramétré (wifi, 4G)",537
1407,Forfait Tablettes et PC Absolu Maitrise,827,Pack Ipad AIR Service Plus,236
1408,Forfait Tablettes et PC Absolu Maitrise,382,Pack iPad Service Plus,459
1409,Compteur GC sans mobile,658,APPLE IPHONE 5C 16GO,230
1409,Forfait Tablettes et PC Absolu Maitrise,852,APPLE IPAD 4 32go Blanc  ,511
1410,Forfait Tablettes et PC Absolu Maitrise,365,APPLE iPad 2,118
1411,Compteur GC sans mobile,118,NULL,NULL
1412,Forfait Tablettes et PC Absolu Maitrise,936,NULL,NULL
1413,Forfait Tablettes et PC Absolu Maitrise,435,NULL,NULL
1414,Forfait Tablettes et PC Absolu Maitrise,408,Ipad AIR non-paramétré,405
1415,Forfait Tablettes et PC Absolu Maitrise,370,APPLE iPad 2,5
1416,Forfait Tablettes et PC Absolu Maitrise,817,Ipad AIR non-paramétré,379
1417,Forfait Tablettes et PC Absolu Maitrise,387,NULL,NULL
1419,Forfait Tablettes et PC Absolu Maitrise,391,NULL,NULL
1419,Forfait Tablettes et PC Absolu Maitrise,395,APPLE IPHONE 4,64
1420,Forfait Tablettes et PC Absolu Maitrise,596,NULL,NULL
1421,Forfait Tablettes et PC Absolu Maitrise,939,NULL,NULL
1422,Forfait Tablettes et PC Absolu Maitrise,225,NULL,NULL
1426,Compteur GC sans mobile,411,NULL,NULL
1426,Forfait Tablettes et PC Absolu Maitrise,321,NULL,NULL
1426,Forfait Tablettes et PC Absolu Maitrise,709,Pack Ipad AIR Service Plus,455
1426,Forfait Tablettes et PC Absolu Maitrise,748,NULL,NULL
1427,Forfait Tablettes et PC Absolu Maitrise,676,Ipad AIR non-paramétré,480
1428,Compteur GC sans mobile,760,NULL,NULL
1430,Compteur GC sans mobile,601,NULL,NULL
1430,Forfait Tablettes et PC Absolu Maitrise,334,APPLE iPad 2,101
1431,Forfait Tablettes et PC Absolu Maitrise,874,"Pack iPad paramétré (wifi, 4G)",586
1432,Forfait Tablettes et PC Absolu Maitrise,419,Pack Ipad AIR Service Plus,386
1433,Forfait Tablettes et PC Absolu Maitrise,324,APPLE iPad 2,146
1434,Forfait Tablettes et PC Absolu Maitrise,280,APPLE iPad 2,99
1434,Forfait Tablettes et PC Absolu Maitrise,798,APPLE iPad 3 4G,191
1435,Forfait Tablettes et PC Absolu Maitrise,427,NULL,NULL
1435,Forfait Tablettes et PC Absolu Maitrise,434,NULL,NULL
1436,Forfait Tablettes et PC Absolu Maitrise,164,APPLE iPad 2,119
1437,Forfait Tablettes et PC Absolu Maitrise,152,APPLE iPad 2,24
1438,Forfait Tablettes et PC Absolu Maitrise,742,"Pack iPad paramétré (wifi, 4G)",566
1439,Forfait Tablettes et PC Absolu Maitrise,1,Ipad AIR non-paramétré,380
1440,Forfait Tablettes et PC Absolu Maitrise,867,NULL,NULL
1441,Compteur GC sans mobile,761,APPLE IPHONE 5C 16GO,228
1441,Forfait Tablettes et PC Absolu Maitrise,724,Ipad AIR non-paramétré,373
1442,Forfait Tablettes et PC Absolu Maitrise,581,NULL,NULL
1443,Compteur GC sans mobile,16,APPLE IPHONE 4,162
1444,Forfait Tablettes et PC Absolu Maitrise,550,APPLE iPad 2,111
1445,Forfait Tablettes et PC Absolu Maitrise,157,APPLE iPad 2,12
1445,Forfait Tablettes et PC Absolu Maitrise,797,IPAD 3 Wifi/3G,199
1446,Compteur GC sans mobile,681,APPLE IPHONE 5C 16GO,231
1446,Forfait Tablettes et PC Absolu Maitrise,883,Ipad AIR non-paramétré,409
1447,Forfait Tablettes et PC Absolu Maitrise,626,Ipad AIR non-paramétré,416
1448,Compteur GC sans mobile,221,Pack Voyages GN1 - Création de ligne,265
1449,Forfait Tablettes et PC Absolu Maitrise,727,"Pack iPad paramétré (wifi, 4G)",591
1450,Forfait Tablettes et PC Absolu Maitrise,258,NULL,NULL
1450,Forfait Tablettes et PC Absolu Maitrise,259,NULL,NULL
1450,Forfait Tablettes et PC Absolu Maitrise,260,NULL,NULL
1451,Forfait Tablettes et PC Absolu Maitrise,894,Pack Ipad AIR Service Plus,482
1452,Forfait Tablettes et PC Absolu Maitrise,174,APPLE iPad 2,94
1453,Forfait Tablettes et PC Absolu Maitrise,147,APPLE iPad 2,15
1454,Compteur GC sans mobile,112,Samsung GALAXY Note,285
1455,Forfait Tablettes et PC Absolu Maitrise,267,NULL,NULL
1456,Forfait Tablettes et PC Absolu Maitrise,442,NULL,NULL
1457,Compteur GC sans mobile,14,NULL,NULL
1458,Forfait Tablettes et PC Absolu Maitrise,294,"Pack iPad paramétré (wifi, 4G)",568
1459,Compteur GC sans mobile,47,NULL,NULL
1460,Compteur GC sans mobile,207,Samsung GALAXY Note,317
1461,Forfait Tablettes et PC Absolu Maitrise,528,Pack Ipad AIR Service Plus,427
1463,Forfait Tablettes et PC Absolu Maitrise,367,APPLE iPad 2,150
1463,Forfait Tablettes et PC Absolu Maitrise,545,Pack Ipad AIR Service Plus,472
1465,Forfait Tablettes et PC Absolu Maitrise,343,APPLE IPHONE 4,70
1465,Forfait Tablettes et PC Absolu Maitrise,697,Pack Ipad AIR Service Plus,391
1467,Compteur GC sans mobile,795,GALAXY Note,312
1467,Forfait Tablettes et PC Absolu Maitrise,950,NULL,NULL
1468,Forfait Tablettes et PC Absolu Maitrise,474,APPLE iPad 2,155
1470,Forfait Tablettes et PC Absolu Maitrise,357,APPLE iPad 2,44
1470,Forfait Tablettes et PC Absolu Maitrise,438,NULL,NULL
1470,Forfait Tablettes et PC Absolu Maitrise,525,NULL,NULL
1471,Forfait Tablettes et PC Absolu Maitrise,354,NULL,NULL
1472,Compteur GC sans mobile,509,NULL,NULL
1474,Compteur GC sans mobile,412,NULL,NULL
1474,Compteur GC sans mobile,413,NULL,NULL
1474,Compteur GC sans mobile,414,NULL,NULL
1474,Compteur GC sans mobile,415,NULL,NULL
1474,Compteur GC sans mobile,689,NOKIA E65,338
1474,Compteur GC sans mobile,862,NULL,NULL
1474,Compteur GC sans mobile,864,NULL,NULL
1474,Compteur GC sans mobile,865,NULL,NULL
1475,Forfait Tablettes et PC Absolu Maitrise,421,Ipad AIR non-paramétré,424
1476,Forfait Tablettes et PC Absolu Maitrise,166,APPLE IPHONE 4,81
1477,Forfait Tablettes et PC Absolu Maitrise,453,NULL,NULL
1478,Forfait Tablettes et PC Absolu Maitrise,677,Ipad AIR non-paramétré,486
1479,Forfait Tablettes et PC Absolu Maitrise,579,IPAD 3 Wifi/3G,192
1480,Forfait Tablettes et PC Absolu Maitrise,302,Pack iPad Service Plus,562
1482,Forfait Tablettes et PC Absolu Maitrise,271,APPLE iPad 2,129
1482,Forfait Tablettes et PC Absolu Maitrise,890,Ipad AIR non-paramétré,418
1483,Forfait Tablettes et PC Absolu Maitrise,286,NULL,NULL
1484,Forfait Tablettes et PC Absolu Maitrise,246,NULL,NULL
1485,Forfait Tablettes et PC Absolu Maitrise,477,NULL,NULL
1486,Forfait Tablettes et PC Absolu Maitrise,674,Ipad AIR non-paramétré,487
1487,Forfait Tablettes et PC Absolu Maitrise,877,Pack Ipad AIR Service Plus,356
1488,Compteur GC sans mobile,198,Samsung GALAXY Note,294
1489,Forfait Tablettes et PC Absolu Maitrise,563,NULL,NULL
1490,Forfait Tablettes et PC Absolu Maitrise,844,Pack iPad Service Plus,376
1491,Forfait Tablettes et PC Absolu Maitrise,316,APPLE IPHONE 4,71
1492,Forfait Tablettes et PC Absolu Maitrise,542,Ipad AIR non-paramétré,485
1493,Forfait Tablettes et PC Absolu Maitrise,425,NULL,NULL
1494,Forfait Tablettes et PC Absolu Maitrise,333,APPLE IPHONE 4,66
1495,Forfait Tablettes et PC Absolu Maitrise,385,NULL,NULL
1496,Forfait Tablettes et PC Absolu Maitrise,659,Pack iPad Service Plus,524
1497,Forfait Tablettes et PC Absolu Maitrise,583,NULL,NULL
1498,Forfait Tablettes et PC Absolu Maitrise,83,APPLE IPHONE 4,57
1499,Forfait Tablettes et PC Absolu Maitrise,763,Pack iPad Service Plus,578
1500,Compteur GC sans mobile,115,NULL,NULL
1502,Forfait Tablettes et PC Absolu Maitrise,84,APPLE iPad 2,135
1502,Forfait Tablettes et PC Absolu Maitrise,923,Pack iPad Service Plus,584
1503,Compteur GC sans mobile,599,NULL,NULL
1503,Forfait Tablettes et PC Absolu Maitrise,695,NULL,NULL
1504,Forfait Tablettes et PC Absolu Maitrise,399,"Pack iPad paramétré (wifi, 4G)",536
1505,Forfait Tablettes et PC Absolu Maitrise,143,APPLE iPad 2,100
1506,Compteur GC sans mobile,17,APPLE IPHONE 4,168
1507,Forfait Tablettes et PC Absolu Maitrise,374,NULL,NULL
1508,Forfait Tablettes et PC Absolu Maitrise,359,APPLE iPad 2,92
1509,Forfait Tablettes et PC Absolu Maitrise,468,NULL,NULL
1510,Compteur GC sans mobile,135,Pack Voyages GN1 - Paramétrage terminal seul,251
1511,Compteur GC sans mobile,665,HTC Touch HD (T8282),335
1512,Forfait Tablettes et PC Absolu Maitrise,926,"Pack iPad Air paramétré (wifi, 4G) ",460
1513,Forfait Tablettes et PC Absolu Maitrise,265,NULL,NULL
1514,Compteur GC sans mobile,9,APPLE IPHONE 4,176
1515,Forfait Tablettes et PC Absolu Maitrise,534,Pack Ipad AIR Service Plus,371
1516,Compteur GC sans mobile,585,NULL,NULL
1518,NULL,NULL,"Pack iPad paramétré (wifi, 4G)",542
1518,Forfait Tablettes et PC Absolu Maitrise,832,APPLE iPad 2,47
1519,Forfait Tablettes et PC Absolu Maitrise,91,APPLE iPad 2,38
1521,Compteur GC sans mobile,758,SAMSUNG SGH-B2700,507
1521,Forfait Tablettes et PC Absolu Maitrise,318,APPLE iPad 2,141
1521,Forfait Tablettes et PC Absolu Maitrise,592,NULL,NULL
1522,NULL,NULL,Pack iPad Service Plus,570
1522,Forfait Tablettes et PC Absolu Maitrise,293,NULL,NULL
1523,Forfait Tablettes et PC Absolu Maitrise,352,Pack Ipad AIR Service Plus,481
1524,Forfait Tablettes et PC Absolu Maitrise,685,NULL,NULL
1525,Forfait Tablettes et PC Absolu Maitrise,567,NULL,NULL
1526,Forfait Tablettes et PC Absolu Maitrise,281,APPLE iPad 2,83
1527,Forfait Tablettes et PC Absolu Maitrise,346,APPLE iPad 2,90
1528,Forfait Tablettes et PC Absolu Maitrise,416,NULL,NULL
1529,Forfait Tablettes et PC Absolu Maitrise,167,APPLE iPad 2,2
1530,Forfait Tablettes et PC Absolu Maitrise,470,NULL,NULL
1532,Compteur GC sans mobile,703,Samsung GALAXY Note,304
1532,Forfait Tablettes et PC Absolu Maitrise,819,Ipad AIR non-paramétré,417
1533,NULL,NULL,"Pack iPad paramétré (wifi, 4G)",569
1534,Forfait Tablettes et PC Absolu Maitrise,216,NULL,NULL
1536,Forfait Tablettes et PC Absolu Maitrise,363,APPLE iPad 2,34
1536,Forfait Tablettes et PC Absolu Maitrise,454,NULL,NULL
1537,Forfait Tablettes et PC Absolu Maitrise,809,Pack iPad Service Plus,556
1538,Compteur GC sans mobile,27,APPLE IPHONE 4,189
1540,Compteur GC sans mobile,268,NULL,NULL
1540,Compteur GC sans mobile,924,Pack Voyages GN3,258
1540,Forfait Tablettes et PC Absolu Maitrise,762,Ipad AIR non-paramétré,399
1541,Forfait Tablettes et PC Absolu Maitrise,297,"Pack iPad paramétré (wifi, 4G)",540
1542,Forfait Tablettes et PC Absolu Maitrise,730,"Pack iPad paramétré (wifi, 4G)",558
1543,Forfait Tablettes et PC Absolu Maitrise,301,Pack iPad Service Plus,557
1543,Forfait Tablettes et PC Absolu Maitrise,767,Ipad AIR non-paramétré,370
1544,Forfait Tablettes et PC Absolu Maitrise,535,"Pack iPad paramétré (wifi, 4G)",605
1545,Forfait Tablettes et PC Absolu Maitrise,744,"Pack iPad paramétré (wifi, 4G)",592
1546,Compteur GC sans mobile,699,NULL,NULL
1547,Forfait Tablettes et PC Absolu Maitrise,572,NULL,NULL
1548,Forfait Tablettes et PC Absolu Maitrise,404,"Pack iPad paramétré (wifi, 4G)",543
1549,Forfait Tablettes et PC Absolu Maitrise,836,NULL,NULL
1550,Forfait Tablettes et PC Absolu Maitrise,371,APPLE IPHONE 4,58
1551,Compteur GC sans mobile,188,NULL,NULL
1552,Forfait Tablettes et PC Absolu Maitrise,102,"Pack iPad paramétré (wifi, 4G)",582
1552,Forfait Tablettes et PC Absolu Maitrise,687,Ipad AIR non-paramétré,422
1553,Forfait Tablettes et PC Absolu Maitrise,195,APPLE iPad 2,16
1554,Compteur GC sans mobile,103,NULL,NULL
1555,Forfait Tablettes et PC Absolu Maitrise,541,Ipad AIR non-paramétré,475
1556,Compteur GC sans mobile,209,Samsung GALAXY Note,279
1557,Forfait Tablettes et PC Absolu Maitrise,243,"Pack iPad Air paramétré (wifi, 4G) ",235
1558,Forfait Tablettes et PC Absolu Maitrise,793,Ipad AIR non-paramétré,354
1559,Compteur GC sans mobile,463,Samsung GALAXY Note,308
1560,Forfait Tablettes et PC Absolu Maitrise,716,Ipad AIR non-paramétré,436
1561,Forfait Tablettes et PC Absolu Maitrise,224,NULL,NULL
1562,Compteur GC sans mobile,104,Samsung GALAXY Note,297
1563,Forfait Tablettes et PC Absolu Maitrise,812,NULL,NULL
1564,Forfait Tablettes et PC Absolu Maitrise,740,"Pack iPad paramétré (wifi, 4G)",601
1565,Compteur GC sans mobile,217,NULL,NULL
1566,Compteur GC sans mobile,202,Samsung GALAXY Note,284
1567,Forfait Tablettes et PC Absolu Maitrise,794,Ipad AIR non-paramétré,242
1568,Forfait Tablettes et PC Absolu Maitrise,253,NULL,NULL
1569,Compteur GC sans mobile,1043,NULL,NULL
1570,Forfait Tablettes et PC Absolu Maitrise,389,NULL,NULL
1571,Compteur GC sans mobile,111,NULL,NULL
1572,Compteur GC sans mobile,1085,Samsung GALAXY Note,261
1573,Forfait Tablettes et PC Absolu Maitrise,725,Ipad AIR non-paramétré,369
1574,Forfait Tablettes et PC Absolu Maitrise,587,NULL,NULL
1575,Compteur GC sans mobile,3,NULL,NULL
1576,Forfait Tablettes et PC Absolu Maitrise,138,NULL,NULL
1577,Compteur GC sans mobile,43,NULL,NULL
1578,Forfait Tablettes et PC Absolu Maitrise,671,"Pack iPad paramétré (wifi, 4G)",598
1579,Forfait Tablettes et PC Absolu Maitrise,576,NULL,NULL
1580,Forfait Tablettes et PC Absolu Maitrise,92,APPLE iPad 2,22
1581,Forfait Tablettes et PC Absolu Maitrise,373,NULL,NULL
1582,Forfait Tablettes et PC Absolu Maitrise,472,NULL,NULL
1583,Forfait Tablettes et PC Absolu Maitrise,94,APPLE IPHONE 4,56
1584,Forfait Tablettes et PC Absolu Maitrise,223,Pack Ipad AIR Service Plus,360
1585,Compteur GC sans mobile,205,Samsung GALAXY Note,318
1586,Forfait Tablettes et PC Absolu Maitrise,710,"Pack iPad paramétré (wifi, 4G)",377
1587,Forfait Tablettes et PC Absolu Maitrise,1029,iPad 2 WI-FI 3G 32 Go,219
1588,Forfait Tablettes et PC Absolu Maitrise,106,"Pack iPad paramétré (wifi, 4G)",587
1588,Forfait Tablettes et PC Absolu Maitrise,401,"Pack iPad paramétré (wifi, 4G)",595
1588,Forfait Tablettes et PC Absolu Maitrise,445,Ipad AIR non-paramétré,477
1588,Forfait Tablettes et PC Absolu Maitrise,720,Ipad AIR non-paramétré,398
1588,Forfait Tablettes et PC Absolu Maitrise,753,"Pack iPad paramétré (wifi, 4G)",596
1588,Forfait Tablettes et PC Absolu Maitrise,956,Ipad AIR non-paramétré,374
1589,Compteur GC sans mobile,59,NULL,NULL
1590,Compteur GC sans mobile,54,NULL,NULL
1592,Forfait Tablettes et PC Absolu Maitrise,257,NULL,NULL
1592,Forfait Tablettes et PC Absolu Maitrise,723,Ipad AIR non-paramétré,483
1592,Forfait Tablettes et PC Absolu Maitrise,1026,NULL,NULL
1593,Compteur GC sans mobile,1071,Samsung GALAXY Note,264
1594,Forfait Tablettes et PC Absolu Maitrise,717,Ipad AIR non-paramétré,238
1595,Compteur GC sans mobile,26,APPLE IPHONE 4,165
1597,Compteur GC sans mobile,187,APPLE IPHONE 4,226
1597,Compteur GC sans mobile,406,SAMSUNG B2710,322
1598,Forfait Tablettes et PC Absolu Maitrise,1040,NULL,NULL
1599,Forfait Tablettes et PC Absolu Maitrise,295,"Pack iPad paramétré (wifi, 4G)",530
1600,NULL,NULL,"Pack iPad paramétré (wifi, 4G)",551
1601,Forfait Tablettes et PC Absolu Maitrise,656,NULL,NULL
1602,Forfait Tablettes et PC Absolu Maitrise,801,IPAD 3 Wifi/3G,195
1603,Forfait Tablettes et PC Absolu Maitrise,736,"Pack iPad paramétré (wifi, 4G)",589
1604,Compteur GC sans mobile,46,APPLE IPHONE 4,167
1605,Compteur GC sans mobile,42,NULL,NULL
1606,Forfait Tablettes et PC Absolu Maitrise,569,NULL,NULL
1607,Forfait Tablettes et PC Absolu Maitrise,234,NULL,NULL
1608,Forfait Tablettes et PC Absolu Maitrise,443,Pack Ipad AIR Service Plus,237
1609,Forfait Tablettes et PC Absolu Maitrise,1028,iPad 2 WI-FI 3G 32 Go,223
1610,Forfait Tablettes et PC Absolu Maitrise,296,"Pack iPad paramétré (wifi, 4G)",576
1611,Forfait Tablettes et PC Absolu Maitrise,702,APPLE IPHONE 4 32 GB,512
1612,Forfait Tablettes et PC Absolu Maitrise,514,Pack Ipad AIR Service Plus,449
1613,Forfait Tablettes et PC Absolu Maitrise,241,NULL,NULL
1613,Forfait Tablettes et PC Absolu Maitrise,888,Pack Ipad AIR Service Plus,441
1614,Forfait Tablettes et PC Absolu Maitrise,941,NULL,NULL
1615,Forfait Tablettes et PC Absolu Maitrise,384,NULL,NULL
1615,Forfait Tablettes et PC Absolu Maitrise,594,NULL,NULL
1617,Forfait Tablettes et PC Absolu Maitrise,322,APPLE iPad 2,96
1617,Forfait Tablettes et PC Absolu Maitrise,693,NULL,NULL
1618,Compteur GC sans mobile,24,APPLE IPHONE 4,166
1619,Compteur GC sans mobile,185,APPLE IPHONE 4,208
1620,Forfait Tablettes et PC Absolu Maitrise,407,Ipad AIR non-paramétré,437
1621,Forfait Tablettes et PC Absolu Maitrise,733,"Pack iPad paramétré (wifi, 4G)",519
1622,Compteur GC sans mobile,65,NULL,NULL
1623,Compteur GC sans mobile,759,APPLE IPHONE 4S 16Go,225
1624,Forfait Tablettes et PC Absolu Maitrise,764,Ipad AIR non-paramétré,387
1625,Compteur GC sans mobile,1081,Samsung GALAXY Note,278
1626,Forfait Tablettes et PC Absolu Maitrise,1016,IPAD 3 Wifi/3G,193
1628,Compteur GC sans mobile,810,NULL,NULL
1628,Forfait Tablettes et PC Absolu Maitrise,505,Pack Ipad AIR Service Plus,385
1629,Forfait Tablettes et PC Absolu Maitrise,340,APPLE iPad 2,142
1629,Forfait Tablettes et PC Absolu Maitrise,802,IPAD 3 Wifi/3G,194
1630,Compteur GC sans mobile,49,NULL,NULL
1631,Forfait Tablettes et PC Absolu Maitrise,351,Pack Ipad AIR Service Plus,464
1632,Forfait Tablettes et PC Absolu Maitrise,559,NULL,NULL
1633,Forfait Tablettes et PC Absolu Maitrise,426,Ipad AIR non-paramétré,389
1634,Forfait Tablettes et PC Absolu Maitrise,920,NULL,NULL
1635,Forfait Tablettes et PC Absolu Maitrise,311,NULL,NULL
1636,Compteur GC sans mobile,635,NULL,NULL
1637,Forfait Tablettes et PC Absolu Maitrise,161,APPLE iPad 2,151
1638,Compteur GC sans mobile,1067,NULL,NULL
1639,Compteur GC sans mobile,196,Samsung GALAXY Note,280
1640,Compteur GC sans mobile,212,NULL,NULL
1641,Forfait Tablettes et PC Absolu Maitrise,555,NULL,NULL
1642,Forfait Tablettes et PC Absolu Maitrise,439,NULL,NULL
1643,Forfait Tablettes et PC Absolu Maitrise,244,"Pack iPad Air paramétré (wifi, 4G) ",448
1644,Forfait Tablettes et PC Absolu Maitrise,350,APPLE iPad 2,51
1646,Compteur GC sans mobile,1013,NULL,NULL
1646,Forfait Tablettes et PC Absolu Maitrise,821,"Pack iPad paramétré (wifi, 4G)",521
1647,Forfait Tablettes et PC Absolu Maitrise,252,NULL,NULL
1648,Forfait Tablettes et PC Absolu Maitrise,895,"Pack iPad paramétré (wifi, 4G)",382
1649,Compteur GC sans mobile,184,APPLE IPHONE 4,207
1650,Forfait Tablettes et PC Absolu Maitrise,291,NULL,NULL
1651,Compteur GC sans mobile,1048,NULL,NULL
1652,Forfait Tablettes et PC Absolu Maitrise,256,NULL,NULL
1653,Forfait Tablettes et PC Absolu Maitrise,263,NULL,NULL
1654,Compteur GC sans mobile,114,Samsung GALAXY Note,281
1655,Forfait Tablettes et PC Absolu Maitrise,595,NULL,NULL
1656,Forfait Tablettes et PC Absolu Maitrise,737,"Pack iPad paramétré (wifi, 4G)",599
1657,Compteur GC sans mobile,448,Samsung GALAXY Note,306
1658,Compteur GC sans mobile,190,APPLE iPHONE 4 16 GO,227
1659,Forfait Tablettes et PC Absolu Maitrise,248,NULL,NULL
1660,Compteur GC sans mobile,1054,Pack Voyages GN1 - Création de ligne,291
1661,Forfait Tablettes et PC Absolu Maitrise,940,NULL,NULL
1662,Forfait Tablettes et PC Absolu Maitrise,722,Ipad AIR non-paramétré,364
1663,Compteur GC sans mobile,58,NULL,NULL
1664,Compteur GC sans mobile,33,APPLE IPHONE 4,190
1665,Compteur GC sans mobile,123,NULL,NULL
1666,Forfait Tablettes et PC Absolu Maitrise,937,Pack Ipad AIR Service Plus,493
1667,Compteur GC sans mobile,76,SAMSUNG SGH-B2700,347
1668,Forfait Tablettes et PC Absolu Maitrise,485,NULL,NULL
1668,Forfait Tablettes et PC Absolu Maitrise,486,NULL,NULL
1668,Forfait Tablettes et PC Absolu Maitrise,487,NULL,NULL
1668,Forfait Tablettes et PC Absolu Maitrise,488,NULL,NULL
1668,Forfait Tablettes et PC Absolu Maitrise,489,NULL,NULL
1668,Forfait Tablettes et PC Absolu Maitrise,490,NULL,NULL
1668,Forfait Tablettes et PC Absolu Maitrise,491,NULL,NULL
1668,Forfait Tablettes et PC Absolu Maitrise,492,NULL,NULL
1668,Forfait Tablettes et PC Absolu Maitrise,493,NULL,NULL
1668,Forfait Tablettes et PC Absolu Maitrise,494,NULL,NULL
1668,Forfait Tablettes et PC Absolu Maitrise,495,NULL,NULL
1668,Forfait Tablettes et PC Absolu Maitrise,496,NULL,NULL
1668,Forfait Tablettes et PC Absolu Maitrise,497,NULL,NULL
1668,Forfait Tablettes et PC Absolu Maitrise,498,NULL,NULL
1668,Forfait Tablettes et PC Absolu Maitrise,499,NULL,NULL
1668,Forfait Tablettes et PC Absolu Maitrise,500,NULL,NULL
1668,Forfait Tablettes et PC Absolu Maitrise,501,NULL,NULL
1668,Forfait Tablettes et PC Absolu Maitrise,502,NULL,NULL
1668,Forfait Tablettes et PC Absolu Maitrise,777,NULL,NULL
1669,Forfait Tablettes et PC Absolu Maitrise,237,iPad 2 WI-FI 3G 32 Go,220
1672,Compteur GC sans mobile,560,NULL,NULL
1672,Compteur GC sans mobile,698,NOKIA 5200,506
1672,Forfait Tablettes et PC Absolu Maitrise,323,APPLE iPad 2,112
1672,Forfait Tablettes et PC Absolu Maitrise,507,NULL,NULL
1673,Forfait Tablettes et PC Absolu Maitrise,719,Ipad AIR non-paramétré,473
1674,Compteur GC sans mobile,1052,NULL,NULL
1675,Forfait Tablettes et PC Absolu Maitrise,238,NULL,NULL
1676,Compteur GC sans mobile,1059,APPLE IPHONE 4,206
1678,Compteur GC sans mobile,73,NULL,NULL
1678,Compteur GC sans mobile,682,NULL,NULL
1678,Forfait Tablettes et PC Absolu Maitrise,631,APPLE iPad 2,43
1679,Forfait Tablettes et PC Absolu Maitrise,282,APPLE IPHONE 4,79
1680,Forfait Tablettes et PC Absolu Maitrise,670,NULL,NULL
1681,Forfait Tablettes et PC Absolu Maitrise,574,NULL,NULL
1682,Compteur GC sans mobile,62,SAMSUNG B2710,324
1683,Forfait Tablettes et PC Absolu Maitrise,564,NULL,NULL
1684,Compteur GC sans mobile,458,SAMSUNG SGH-B2700,341
1685,Compteur GC sans mobile,197,NULL,NULL
1686,Forfait Tablettes et PC Absolu Maitrise,561,NULL,NULL
1687,Compteur GC sans mobile,78,SAMSUNG SGH-B2700,348
1689,Forfait Tablettes et PC Absolu Maitrise,2,NULL,NULL
1689,Forfait Tablettes et PC Absolu Maitrise,540,Ipad AIR non-paramétré,490
1689,Lignes sans Produits Facturés,457,NULL,NULL
1690,Compteur GC sans mobile,1061,NULL,NULL
1691,Forfait Tablettes et PC Absolu Maitrise,285,NULL,NULL
1692,Forfait Tablettes et PC Absolu Maitrise,598,Ipad AIR non-paramétré,355
1693,Compteur GC sans mobile,757,NOKIA 2610,337
1694,Compteur GC sans mobile,1065,NULL,NULL
1696,Compteur GC sans mobile,557,Samsung GALAXY Note,300
1696,Forfait Tablettes et PC Absolu Maitrise,290,Ipad AIR non-paramétré,357
1697,Compteur GC sans mobile,57,APPLE IPHONE 4,186
1698,Compteur GC sans mobile,38,APPLE IPHONE 4,180
1699,Forfait Tablettes et PC Absolu Maitrise,546,Ipad AIR non-paramétré,353
1700,Compteur GC sans mobile,1063,Samsung GALAXY Note,296
1701,Compteur GC sans mobile,1082,Samsung GALAXY Note,259
1702,NULL,NULL,Pack iPad Service Plus,574
1703,Compteur GC sans mobile,1093,NULL,NULL
1704,Forfait Tablettes et PC Absolu Maitrise,527,"Pack iPad paramétré (wifi, 4G)",573
1705,Forfait Tablettes et PC Absolu Maitrise,675,Ipad AIR non-paramétré,508
1706,Forfait Tablettes et PC Absolu Maitrise,264,NULL,NULL
1707,Forfait Tablettes et PC Absolu Maitrise,824,"Pack iPad paramétré (wifi, 4G)",552
1707,Forfait Tablettes et PC Absolu Maitrise,869,Ipad AIR non-paramétré,372
1708,Compteur GC sans mobile,52,SAMSUNG B2710,252
1709,Forfait Tablettes et PC Absolu Maitrise,960,NULL,NULL
1710,Compteur GC sans mobile,7,SAMSUNG B2710,325
1711,Compteur GC sans mobile,1072,Samsung GALAXY Note,269
1712,Compteur GC sans mobile,511,NULL,NULL
1713,Compteur GC sans mobile,1044,NULL,NULL
1714,Forfait Tablettes et PC Absolu Maitrise,277,APPLE iPad 2,131
1716,Forfait Tablettes et PC Absolu Maitrise,278,APPLE iPad 2,32
1716,Forfait Tablettes et PC Absolu Maitrise,815,NULL,NULL
1718,Forfait Tablettes et PC Absolu Maitrise,423,Ipad AIR non-paramétré,352
1718,Forfait Tablettes et PC Absolu Maitrise,662,Ipad AIR non-paramétré,366
1719,Forfait Tablettes et PC Absolu Maitrise,386,NULL,NULL
1720,Compteur GC sans mobile,1049,NULL,NULL
1721,Forfait Tablettes et PC Absolu Maitrise,624,"Pack iPad paramétré (wifi, 4G)",517
1721,Forfait Tablettes et PC Absolu Maitrise,853,"Pack iPad paramétré (wifi, 4G)",559
1722,Compteur GC sans mobile,110,Samsung GALAXY Note,315
1723,Compteur GC sans mobile,1062,NULL,NULL
1724,Compteur GC sans mobile,56,SAMSUNG B2710,503
1725,Forfait Tablettes et PC Absolu Maitrise,440,NULL,NULL
1726,Forfait Tablettes et PC Absolu Maitrise,773,NULL,NULL
1727,Compteur GC sans mobile,1089,Samsung GALAXY Note,270
1728,Forfait Tablettes et PC Absolu Maitrise,705,Ipad AIR non-paramétré,471
1729,Forfait Tablettes et PC Absolu Maitrise,948,NULL,NULL
1730,Forfait Tablettes et PC Absolu Maitrise,467,"Pack iPad paramétré (wifi, 4G)",600
1731,Compteur GC sans mobile,1086,Samsung GALAXY Note,263
1732,Forfait Tablettes et PC Absolu Maitrise,235,iPad 2 WI-FI 3G 32 Go,214
1733,Forfait Tablettes et PC Absolu Maitrise,266,NULL,NULL
1734,Forfait Tablettes et PC Absolu Maitrise,590,NULL,NULL
1735,Compteur GC sans mobile,4,NULL,NULL
1736,Compteur GC sans mobile,210,NULL,NULL
1737,Compteur GC sans mobile,134,NULL,NULL
1739,Compteur GC sans mobile,828,NULL,NULL
1739,Forfait Tablettes et PC Absolu Maitrise,379,NULL,NULL
1740,Forfait Tablettes et PC Absolu Maitrise,355,NULL,NULL
1740,Forfait Tablettes et PC Absolu Maitrise,1023,NULL,NULL
1741,Compteur GC sans mobile,122,Samsung GALAXY Note,302
1742,Forfait Tablettes et PC Absolu Maitrise,262,NULL,NULL
1743,Compteur GC sans mobile,580,NULL,NULL
1744,Forfait Tablettes et PC Absolu Maitrise,582,NULL,NULL
1745,Compteur GC sans mobile,1068,Samsung GALAXY Note,295
1746,Compteur GC sans mobile,1079,Samsung GALAXY Note,276
1748,Compteur GC sans mobile,183,APPLE IPHONE 4,161
1748,Compteur GC sans mobile,790,NULL,NULL
1749,Compteur GC sans mobile,41,SAMSUNG B2710,330
1750,Compteur GC sans mobile,50,SAMSUNG B2710,504
1751,Forfait Tablettes et PC Absolu Maitrise,417,Ipad AIR non-paramétré,470
1752,Compteur GC sans mobile,1080,Samsung GALAXY Note,277
1753,Compteur GC sans mobile,1046,NULL,NULL
1754,Compteur GC sans mobile,121,NULL,NULL
1755,Compteur GC sans mobile,125,Samsung GALAXY Note,289
1755,Compteur GC sans mobile,666,Pack Voyages GN1 - Création de ligne,247
1756,Compteur GC sans mobile,1055,Pack Voyages GN1 - Création de ligne,311
1757,Compteur GC sans mobile,240,Pack Voyages GN1 - Création de ligne,310
1758,Compteur GC sans mobile,1064,NULL,NULL
1759,Compteur GC sans mobile,1042,NULL,NULL
1760,Compteur GC sans mobile,220,Pack Voyages GN1 - Création de ligne,321
1761,Compteur GC sans mobile,116,Samsung GALAXY Note,293
1762,Compteur GC sans mobile,208,Samsung GALAXY Note,316
1763,Forfait Tablettes et PC Absolu Maitrise,430,NULL,NULL
1764,Forfait Tablettes et PC Absolu Maitrise,287,NULL,NULL
1765,Forfait Tablettes et PC Absolu Maitrise,254,NULL,NULL
1766,Forfait Tablettes et PC Absolu Maitrise,469,NULL,NULL
1767,Forfait Tablettes et PC Absolu Maitrise,431,NULL,NULL
1768,Forfait Tablettes et PC Absolu Maitrise,364,NULL,NULL
1769,Compteur GC sans mobile,66,NULL,NULL
1770,Compteur GC sans mobile,201,Samsung GALAXY Note,320
1771,Compteur GC sans mobile,82,NULL,NULL
1772,Compteur GC sans mobile,20,APPLE IPHONE 4,185
1773,Forfait Tablettes et PC Absolu Maitrise,857,"Pack iPad paramétré (wifi, 4G)",583
1774,Compteur GC sans mobile,53,SAMSUNG SGH-B2700,340
1775,Compteur GC sans mobile,32,APPLE IPHONE 4,158
1776,Compteur GC sans mobile,1060,NULL,NULL
1778,Forfait Tablettes et PC Absolu Maitrise,529,NULL,NULL
1778,Forfait Tablettes et PC Absolu Maitrise,694,NULL,NULL
1779,Compteur GC sans mobile,18,APPLE IPHONE 4,177
1780,Forfait Tablettes et PC Absolu Maitrise,441,NULL,NULL
1781,Compteur GC sans mobile,81,SAMSUNG SGH-B2700,345
1782,Compteur GC sans mobile,28,APPLE IPHONE 4,173
1783,Compteur GC sans mobile,455,Pack Voyages GN1 - Création de ligne,307
1783,Compteur GC sans mobile,1039,NULL,NULL
1784,Compteur GC sans mobile,556,Pack Voyages GN3 - création de ligne,256
1785,Compteur GC sans mobile,1087,Samsung GALAXY Note,266
1788,Forfait Tablettes et PC Absolu Maitrise,418,NULL,NULL
1788,Forfait Tablettes et PC Absolu Maitrise,513,NULL,NULL
1788,Forfait Tablettes et PC Absolu Maitrise,830,NULL,NULL
1789,Compteur GC sans mobile,40,APPLE IPHONE 4,174
1790,Compteur GC sans mobile,48,NULL,NULL
1791,Compteur GC sans mobile,1045,NULL,NULL
1792,Forfait Tablettes et PC Absolu Maitrise,696,Pack Ipad AIR Service Plus,453
1794,Compteur GC sans mobile,672,NULL,NULL
1794,Compteur GC sans mobile,954,"Pack Ipad non-paramétré (WiFi, 4G)",522
1794,Forfait Tablettes et PC Absolu Maitrise,600,NULL,NULL
1795,Compteur GC sans mobile,1073,Samsung GALAXY Note,267
1796,Compteur GC sans mobile,1088,Samsung GALAXY Note,268
1797,Compteur GC sans mobile,1041,APPLE IPHONE 4,209
1798,Compteur GC sans mobile,199,NOKIA 1600,333
1799,Compteur GC sans mobile,21,APPLE IPHONE 4,183
1800,Forfait Tablettes et PC Absolu Maitrise,932,Ipad AIR non-paramétré,361
1801,Compteur GC sans mobile,1047,NULL,NULL
1802,Compteur GC sans mobile,25,APPLE IPHONE 4,181
1803,Compteur GC sans mobile,70,NULL,NULL
1804,Compteur GC sans mobile,959,NULL,NULL
1805,Compteur GC sans mobile,1069,NULL,NULL
1806,Compteur GC sans mobile,113,NULL,NULL
1807,Forfait Tablettes et PC Absolu Maitrise,620,Ipad AIR non-paramétré,415
1808,Forfait Tablettes et PC Absolu Maitrise,562,NULL,NULL
1809,Compteur GC sans mobile,72,NULL,NULL
1810,Compteur GC sans mobile,119,NULL,NULL
1811,Compteur GC sans mobile,1050,NULL,NULL
1812,Compteur GC sans mobile,1070,Samsung GALAXY Note,262
1813,Compteur GC sans mobile,873,NULL,NULL
1814,Compteur GC sans mobile,1077,Samsung GALAXY Note,274
1815,Compteur GC sans mobile,13,APPLE IPHONE 4,159
1816,Forfait Tablettes et PC Absolu Maitrise,239,NULL,NULL
1817,Forfait Tablettes et PC Absolu Maitrise,683,Ipad AIR non-paramétré,411
1818,Compteur GC sans mobile,71,NULL,NULL
1819,Compteur GC sans mobile,124,NULL,NULL
1820,Forfait Tablettes et PC Absolu Maitrise,807,NULL,NULL
1821,Forfait Tablettes et PC Absolu Maitrise,884,Ipad AIR non-paramétré,240
1822,Compteur GC sans mobile,37,APPLE IPHONE 4,170
1823,Compteur GC sans mobile,36,SAMSUNG B2710,326
1824,Compteur GC sans mobile,44,APPLE IPHONE 4,172
1825,Compteur GC sans mobile,11,APPLE IPHONE 4,175
1826,Forfait Tablettes et PC Absolu Maitrise,508,Ipad AIR non-paramétré,419
1827,Compteur GC sans mobile,35,APPLE IPHONE 4,179
1828,Compteur GC sans mobile,79,SAMSUNG SGH-B2700,346
1829,Forfait Tablettes et PC Absolu Maitrise,274,APPLE iPad 2,39
1830,Compteur GC sans mobile,34,NULL,NULL
1831,Compteur GC sans mobile,69,NULL,NULL
1833,Compteur GC sans mobile,930,SAMSUNG GT-i9220 / N7000 Galaxy Note,250
1833,Compteur GC sans mobile,1053,GALAXY Note,303
1834,Compteur GC sans mobile,214,Pack Voyages GN1 - Création de ligne,334
1835,Compteur GC sans mobile,55,NULL,NULL
1836,Compteur GC sans mobile,68,SAMSUNG B2710,502
1837,Forfait Tablettes et PC Absolu Maitrise,893,Pack Ipad AIR Service Plus,474
1838,Compteur GC sans mobile,1092,Pack Voyages GN3 - création de ligne,257
1839,Compteur GC sans mobile,1078,Samsung GALAXY Note,275
1840,Compteur GC sans mobile,1075,Samsung GALAXY Note,272
1841,Forfait Tablettes et PC Absolu Maitrise,928,Ipad AIR non-paramétré,484
1842,Compteur GC sans mobile,228,APPLE IPHONE 4,210
1843,Compteur GC sans mobile,63,NULL,NULL
1844,Compteur GC sans mobile,1096,Pack Voyages GN1 - Création de ligne,305
1845,Compteur GC sans mobile,1076,Samsung GALAXY Note,273
1846,Compteur GC sans mobile,29,APPLE IPHONE 4,178
1847,Compteur GC sans mobile,19,APPLE IPHONE 4,184
1848,Compteur GC sans mobile,80,SAMSUNG SGH-B2700,344
1849,Compteur GC sans mobile,22,SAMSUNG B2710,327
1850,Compteur GC sans mobile,67,NULL,NULL
1851,Compteur GC sans mobile,74,NULL,NULL
1852,Compteur GC sans mobile,1056,Pack Voyages GN1 - Création de ligne,299
1853,Forfait Tablettes et PC Absolu Maitrise,388,NULL,NULL
1854,Compteur GC sans mobile,1084,Samsung GALAXY Note,260
1855,Compteur GC sans mobile,1057,Pack Voyages GN1 - Création de ligne,298
1856,Compteur GC sans mobile,23,APPLE IPHONE 4,157
1857,Compteur GC sans mobile,10,SAMSUNG B2710,331
1858,Compteur GC sans mobile,64,NULL,NULL
96,NULL,1098,APPLE iPad 2,1
96,Compteur GC sans mobile,15,APPLE IPHONE 4,164
978,Forfait Tablettes et PC Absolu Maitrise,319,NULL,NULL
980,Forfait Tablettes et PC Absolu Maitrise,169,APPLE IPHONE 4,68
980,Forfait Tablettes et PC Absolu Maitrise,538,Pack Ipad AIR Service Plus,467
981,Forfait Tablettes et PC Absolu Maitrise,176,APPLE IPHONE 4,76
982,Forfait Tablettes et PC Absolu Maitrise,89,APPLE iPad 2,36
983,Forfait Tablettes et PC Absolu Maitrise,833,APPLE iPad 2,107
984,Lignes sans Produits Facturés,602,NULL,NULL
985,Compteur GC sans mobile,75,NULL,NULL
985,Compteur GC sans mobile,822,NULL,NULL
986,Forfait Tablettes et PC Absolu Maitrise,360,APPLE iPad 2,20
987,Forfait Tablettes et PC Absolu Maitrise,315,APPLE iPad 2,27
989,Forfait Tablettes et PC Absolu Maitrise,163,APPLE iPad 2,4
989,Forfait Tablettes et PC Absolu Maitrise,766,Pack Ipad AIR Service Plus,241
990,Compteur GC sans mobile,1074,Samsung GALAXY Note,271
991,Forfait Tablettes et PC Absolu Maitrise,87,APPLE iPad 2,153
992,Forfait Tablettes et PC Absolu Maitrise,144,APPLE iPad 2,97
993,Forfait Tablettes et PC Absolu Maitrise,362,APPLE iPad 2,9
994,Forfait Tablettes et PC Absolu Maitrise,165,APPLE iPad 2,41
995,Forfait Tablettes et PC Absolu Maitrise,170,iPad 2 WI-FI 3G 32 Go,232
996,Forfait Tablettes et PC Absolu Maitrise,231,NULL,NULL
997,NULL,NULL,"Pack iPad paramétré (wifi, 4G)",564
999,Compteur GC sans mobile,711,NULL,NULL
999,Forfait Tablettes et PC Absolu Maitrise,377,Ipad AIR non-paramétré,244